{
	"type": "ItemTurret",
	"size": 2,
	"reload": 80,
	"range": 110,
	"recoil": 1,
	"recoils": 2,
	"rotatespeed": 0.5,
	"shake": 1,
	"maxAmmo": 10,
	"inaccuracy": 1,
	"shootEffect": "shootBig",
	"shootSound": "blaster"
	"smokeEffect": "shootBigSmoke"
	"drawer": {
		"type": "DrawTurret",
		"basePrefix": "-base"
		"parts": [
			{
				"type": "RegionPart",
				"suffix": "-barrel-r",
				"under": true,
				"progress": "recoil",
				"recoilIndex": 1,
				"moveY": -1
			},
			{
				"type": "RegionPart",
				"suffix": "-barrel-l",
				"under": true,
				"progress": "recoil",
				"recoilIndex": 0,
				"moveY": -1
			},
			{
				"type": "RegionPart",
				"suffix": "-wing-r",
				"under": true,
				"moveRot": -9,
				"progress": {
					"type": "warmup",
					"op": "blend",
					"other": "recoil",
					"amount": 0.8
				},
			},
			{
				"type": "RegionPart",
				"suffix": "-wing-l",
				"under": true,
				"moveRot": 9,
				"progress": {
					"type": "warmup",
					"op": "blend",
					"other": "recoil",
					"amount": 0.8
				},
			}
		]
	},
	"shoot": {
		"type": "ShootAlternate"
		"shotDelay": 2,
		"spread": 4
	},
	"ammoTypes": {
		"plutonium": {
			"type": "EmpBulletType",
			"sprite": "circle-bullet",
			"width": 8,
			"height": 8,
			"frontColor": "a7e87b",
			"backColor": "8ce053",
			"damage": 24,
			"splashDamage": 75,
			"splashDamageRadius": 40,
			"ammoMultiplier": 2,
			"lifetime": 70,
			"speed": 2,
			"lightning": 3,
			"lightningDamage": 4,
			"powerDamageScl": 5,
			"lightOpacity": 1,
			"lightColor": "81d656",
			"hitPowerEffect": {
				"type": "ParticleEffect",
				"line": true,
				"particles": 4,
				"lifetime": 20,
				"length": 70,
				"cone": -360,
				"lenFrom": 5,
				"lenTo": 4,
				"colorFrom": "a7e87b",
				"colorTo": "8ce053"
			},
		},
	},
	"consumes": {
		"liquid": {
			"liquid": "chlorine",
			"amount": 0.1,
			"booster": true,
			"boost": 1.4,
			"optional": true
		},
	}
	"requirements": ["molybdenum/70","plutonium/70"]
	"research": {
		"parent": "Core"
		"requirements": [
			"molybdenum/150",
			"plutonium/40"
		]
	},
}