{
	"type": "flying",
	"flying": true,
	"lowAltitude": true,
	"health": 350,
	"armor": 1,
	"hitSize": 10,
	"speed": 2.6,
	"drag": 0.1,
	"accel": 0.09,
	"itemCapacity": 60,
	"engineOffset": 10,
	"buildSpeed": 1.1,
	"mineSpeed": 5.5,
	"mineTier": 2,
	"fogRadius": 0,
	"shadowElevation": 0.6,
	"payloadCapacity": 2,
	"pickupUnits": false,
	"rotateSpeed": 6,
	"weapons": [
		{
			"name": "core-unit-weapon",
			"type": "RepairBeamWeapon",
			"x": 0,
			"y": 0,
			"shootY": 9,
			"widthSinMag": 0.14,
			"rotate": false,
			"mirror": false,
			"reload": 20,
			"beamWidth": 1,
			"shootCone": 40,
			"repairSpeed": 4.2,
			"fractionRepairSpeed": 0.04,
			"targetUnits": false,
			"targetBuildings": true,
			"autoTarget": false,
			"controllable": true,
			"laserColor": "84f491",
			"healColor": "84f491",
			"bullet": {
				"maxRange": 65,
			},
		}
	]
}